"ID","Player","Team","Position","Status","Age","Opponent","FPts","FP/G","%D","ADP","Ros"
"*03aqp*","Mohamed Salah","LIV","F","FA","33","BOU Fri 3:00PM","777.5","0","100","2.1","100%"
"*05l8q*","Cole Palmer","CHE","M","Fiji","23","CRY Sun 9:00AM","773.75","0","100","3.1","100%"
"*05gcr*","Bruno Fernandes","MUN","M","saj","30","ARS Sun 11:30AM","722.5","0","100","4.4","100%"
"*04y92*","Bukayo Saka","ARS","M","ThatGuy","23","@MUN Sun 11:30AM","647","0","100","1.4","100%"
"*061vq*","Erling Haaland","MCI","F","Citeh","24","@WOL Sat 12:30PM","640.25","0","100","5.3","100%"
"*046c5*","Jarrod Bowen","WHU","F","Fiji","28","@SUN Sat 10:00AM","630.75","0","100","11.2","100%"
"*05ocl*","Ollie Watkins","AVL","F","Martial","29","NEW Sat 7:30AM","564","0","100","18.9","100%"
"*05uht*","Morgan Rogers","AVL","M","saj","22","NEW Sat 7:30AM","563","0","100","28.1","100%"
"*068y0*","Antoine Semenyo","BOU","F","PMSWJ","25","@LIV Fri 3:00PM","530.25","0","100","13.1","100%"
"*05r34*","Amad Diallo","MUN","M","TMKT","23","ARS Sun 11:30AM","529","0","100","17.5","100%"
"*04qr9*","Morgan Gibbs-White","NOT","M","ThatGuy","25","BRF Sun 9:00AM","528","0","100","18.7","100%"
"*04adp*","Aaron Wan-Bissaka","WHU","D","Deekay","27","@SUN Sat 10:00AM","515","0","100","57.3","98%"
"*067yz*","Matheus Cunha","MUN","F","Fiji","26","ARS Sun 11:30AM","513.5","0","100","8.6","100%"
"*038ze*","Alex Iwobi","FUL","M","Deekay","29","@BHA Sat 10:00AM","510","0","100","27.5","100%"
"*03rzp*","Antonee Robinson","FUL","D","Fiji","27","@BHA Sat 10:00AM","505.25","0","100","31","100%"
"*06v21*","Florian Wirtz","LIV","M","FA","22","BOU Fri 3:00PM","504.5","0","100","6.9","100%"
"*05nt6*","Eberechi Eze","CRY","M","Martial","27","@CHE Sun 9:00AM","503","0","100","10.3","100%"
"*04yo7*","Youri Tielemans","AVL","M","Deekay","28","NEW Sat 7:30AM","489.5","0","100","49.3","100%"
"*05uor*","Yoane Wissa","BRF","F","saj","28","@NOT Sun 9:00AM","487.25","0","100","27.2","100%"
"*063q8*","Mikkel Damsgaard","BRF","M","saj","25","@NOT Sun 9:00AM","481.5","0","100","34.5","95%"
"*0646f*","Alexander Isak","NEW","F","Deekay","25","@AVL Sat 7:30AM","478.5","0","100","6.1","100%"
"*06jgi*","Daniel Munoz","CRY","D","Fiji","29","@CHE Sun 9:00AM","472.75","0","100","16.6","100%"
"*05748*","Ismaila Sarr","CRY","M","Citeh","27","@CHE Sun 9:00AM","455.5","0","100","63.3","100%"
"*06fup*","Jeremy Doku","MCI","M","PMSWJ","23","@WOL Sat 12:30PM","443.25","0","100","45","100%"
"*067zv*","Kevin Schade","BRF","F","ThatGuy","23","@NOT Sun 9:00AM","443","0","100","57.4","100%"
"*05n07*","Pedro Porro","TOT","D","PMSWJ","25","BUR Sat 10:00AM","435.75","0","100","37.4","100%"
"*062ci*","Kaoru Mitoma","BHA","M","PMSWJ","28","FUL Sat 10:00AM","435","0","100","25.8","100%"
"*04p0d*","Dwight McNeil","EVE","M","Deekay","25","@LEE Mon 3:00PM","425.75","0","100","17.2","100%"
"*06clt*","Justin Kluivert","BOU","M","Martial","26","@LIV Fri 3:00PM","413.75","0","100","48.1","100%"
"*05r94*","Iliman Ndiaye","EVE","M","saj","25","@LEE Mon 3:00PM","412.75","0","100","68.3","98%"
"*0522h*","Alexis Mac Allister","LIV","M","Martial","26","BOU Fri 3:00PM","411.25","0","100","66.9","100%"
"*03hff*","Josh Cullen","BUR","M","FA","29","@TOT Sat 10:00AM","408.75","0","2","1204.4","10%"
"*061vk*","Jaidon Anthony","BUR","F","FA","25","@TOT Sat 10:00AM","408.5","0","44","157.1","40%"
"*05ylj*","Bruno Guimaraes","NEW","M","Haha","27","@AVL Sat 7:30AM","406","0","100","71.8","100%"
"*06mow*","Jorgen Strand Larsen","WOL","F","FA","25","MCI Sat 12:30PM","401.75","0","100","72.5","100%"
"*05r9b*","Martin Odegaard","ARS","M","TMKT","26","@MUN Sun 11:30AM","398.75","0","100","20.4","100%"
"*068yd*","Joao Gomes","WOL","M","FA","24","MCI Sat 12:30PM","393.5","0","2","1110.4","12%"
"*0687c*","Carlos Alcaraz","EVE","M","FA","22","@LEE Mon 3:00PM","390.75","0","100","83.2","95%"
"*05r8o*","Jean-Philippe Mateta","CRY","F","Haha","28","@CHE Sun 9:00AM","388","0","100","49.5","100%"
"*06fxe*","Ryan Gravenberch","LIV","M","saj","23","BOU Fri 3:00PM","387.75","0","44","153.4","48%"
"*061ya*","Brennan Johnson","TOT","F","FA","24","BUR Sat 10:00AM","385.25","0","100","78.5","100%"
"*0524k*","Rodri","MCI","M","FA","29","@WOL Sat 12:30PM","385","0","100","49.9","100%"
"*06rma*","Marshall Munetsi","WOL","M","ThatGuy","29","MCI Sat 12:30PM","384.25","0","34","152.4","48%"
"*05trb*","Bryan Mbeumo","BRF","F","Martial","25","@NOT Sun 9:00AM","381.25","0","100","9.3","100%"
"*0647t*","Lucas Paqueta","WHU","M","TMKT","27","@SUN Sat 10:00AM","379.75","0","34","156.6","55%"
"*068ym*","Enzo Fernandez","CHE","M","Haha","24","CRY Sun 9:00AM","376","0","100","21.1","100%"
"*04agz*","Declan Rice","ARS","M","Deekay","26","@MUN Sun 11:30AM","373.5","0","100","32.5","100%"
"*06uyc*","Adrien Truffert","BOU","D","FA","23","@LIV Fri 3:00PM","372.75","0","88","119.3","85%"
"*05rb8*","Moises Caicedo","CHE","M","Citeh","23","CRY Sun 9:00AM","371.25","0","53","154","55%"
"*02m5b*","Chris Wood","NOT","F","TMKT","33","BRF Sun 9:00AM","371.25","0","100","66.8","98%"
"*04mdn*","Anthony Gordon","NEW","M","KLPD","24","@AVL Sat 7:30AM","366.25","0","100","23.8","100%"
"*06ex4*","Josko Gvardiol","MCI","D","saj","23","@WOL Sat 12:30PM","363.25","0","100","66.1","100%"
"*056iy*","Pedro Neto","CHE","F","ThatGuy","25","CRY Sun 9:00AM","358.5","0","100","27.8","100%"
"*06p6j*","Evanilson","BOU","F","saj","25","@LIV Fri 3:00PM","358","0","100","60","100%"
"*06fxv*","Jean-Ricner Bellegarde","WOL","M","Fiji","27","MCI Sat 12:30PM","357.75","0","68","127.3","72%"
"*05opj*","Elliot Anderson","NOT","M","FA","22","BRF Sun 9:00AM","352","0","100","90.6","100%"
"*05u1m*","Nathan Collins","BRF","D","Fiji","24","@NOT Sun 9:00AM","340.75","0","100","67.6","92%"
"*03fgo*","Dominic Solanke","TOT","F","FA","27","BUR Sat 10:00AM","340","0","100","35.2","100%"
"*04yey*","Max Kilman","WHU","D","Citeh","28","@SUN Sat 10:00AM","336.25","0","59","138.8","55%"
"*06cms*","Sandro Tonali","NEW","M","KLPD","25","@AVL Sat 7:30AM","335.5","0","95","101.5","95%"
"*03yr0*","Daniel James","LEE","M","FA","27","EVE Mon 3:00PM","333.5","0","73","135.4","75%"
"*0427d*","James Tarkowski","EVE","D","FA","32","@LEE Mon 3:00PM","329.5","0","100","51.2","98%"
"*06fv8*","Mohammed Kudus","TOT","M","saj","24","BUR Sat 10:00AM","324.5","0","100","33.5","100%"
"*067yv*","Cody Gakpo","LIV","F","KLPD","26","BOU Fri 3:00PM","323","0","100","54.9","98%"
"*06uzy*","Ao Tanaka","LEE","M","FA","26","EVE Mon 3:00PM","321","0","2","1082.4","12%"
"*05ylx*","Dejan Kulusevski","TOT","M","Fiji","25","BUR Sat 10:00AM","320.5","0","100","46.4","100%"
"*04abb*","Phil Foden","MCI","M","FA","25","@WOL Sat 12:30PM","320.25","0","100","25.2","100%"
"*05g2o*","Joao Pedro","CHE","F","TMKT","23","CRY Sun 9:00AM","319.5","0","100","30.3","100%"
"*061vp*","Brenden Aaronson","LEE","M","FA","24","EVE Mon 3:00PM","318.75","0","2","1177.4","8%"
"*03am7*","Jacob Murphy","NEW","M","KLPD","30","@AVL Sat 7:30AM","310.25","0","100","75.2","95%"
"*064a0*","Wilfried Gnonto","LEE","F","FA","21","EVE Mon 3:00PM","309.25","0","58","136.6","68%"
"*04mi4*","Callum Hudson-Odoi","NOT","F","FA","24","BRF Sun 9:00AM","308.75","0","100","84.5","100%"
"*06v0g*","Trai Hume","SUN","D","FA","23","WHU Sat 10:00AM","307.5","0","42","156.2","30%"
"*05o6h*","Kai Havertz","ARS","F","Haha","26","@MUN Sun 11:30AM","306.5","0","100","47.8","100%"
"*05yld*","Luis Diaz","LIV","F","Citeh","28","BOU Fri 3:00PM","304.5","0","100","21.3","100%"
"*06p4j*","Noussair Mazraoui","MUN","D","saj","27","ARS Sun 11:30AM","304.5","0","39","134.7","52%"
"*05a6e*","Neco Williams","NOT","D","PMSWJ","24","BRF Sun 9:00AM","302","0","85","100.7","95%"
"*06fwi*","Carlos Baleba","BHA","M","Haha","21","FUL Sat 10:00AM","301.75","0","25","175.7","15%"
"*0639x*","Marcus Tavernier","BOU","M","Martial","26","@LIV Fri 3:00PM","301.75","0","100","52.9","98%"
"*045ob*","Caoimhin Kelleher","BRF","G","FA","26","@NOT Sun 9:00AM","300.25","0","93","127.5","95%"
"*06mvz*","Savio","MCI","M","saj","21","@WOL Sat 12:30PM","299.5","0","100","38.9","100%"
"*0689w*","Georginio Rutter","BHA","F","KLPD","23","FUL Sat 10:00AM","297.75","0","100","95.1","95%"
"*052h5*","Gabriel Martinelli","ARS","M","Deekay","24","@MUN Sun 11:30AM","297","0","100","55.5","100%"
"*043qy*","Lewis Cook","BOU","M","TMKT","28","@LIV Fri 3:00PM","293.5","0","76","117.8","75%"
"*03vlj*","Virgil van Dijk","LIV","D","Haha","34","BOU Fri 3:00PM","291.75","0","100","47.1","100%"
"*06c6g*","Yankuba Minteh","BHA","M","Fiji","20","FUL Sat 10:00AM","291","0","100","41.5","100%"
"*05w9i*","Marc Cucurella","CHE","D","FA","26","CRY Sun 9:00AM","288","0","100","92.4","98%"
"*06v0j*","Dan Neil","SUN","M","FA","23","WHU Sat 10:00AM","287.5","0","2","1252.4","2%"
"*0414o*","James Maddison","TOT","M","TMKT","28","BUR Sat 10:00AM","286","0","100","51.2","100%"
"*06v07*","Rayan Cherki","MCI","M","FA","21","@WOL Sat 12:30PM","284","0","100","52.5","100%"
"*06pic*","Andre","WOL","M","FA","24","MCI Sat 12:30PM","283.25","0","2","1169.4","2%"
"*05o8o*","Jayden Bogle","LEE","D","FA","24","EVE Mon 3:00PM","282.5","0","31","151.7","30%"
"*03rxa*","Idrissa Gueye","EVE","M","FA","35","@LEE Mon 3:00PM","281","0","2","1120.4","5%"
"*05uhj*","Conor Bradley","LIV","D","KLPD","22","BOU Fri 3:00PM","279.25","0","80","133.6","78%"
"*06cmm*","Dominik Szoboszlai","LIV","M","Martial","24","BOU Fri 3:00PM","277.5","0","100","58.8","100%"
"*061ve*","Ryan Christie","BOU","M","FA","30","@LIV Fri 3:00PM","276.5","0","68","132.4","65%"
"*032f9*","Jordan Pickford","EVE","G","FA","31","@LEE Mon 3:00PM","276","0","100","105.2","100%"
"*05oz3*","James Trafford","BUR","G","FA","22","@TOT Sat 10:00AM","273.25","0","92","123.1","95%"
"*0554i*","Joelinton","NEW","M","FA","28","@AVL Sat 7:30AM","271.25","0","58","130.3","60%"
"*06v0p*","Enzo Le Fee","SUN","M","FA","25","WHU Sat 10:00AM","269","0","68","130.1","70%"
"*044ei*","Nick Pope","NEW","G","TMKT","33","@AVL Sat 7:30AM","269","0","80","149.4","85%"
"*06rf9*","Omar Marmoush","MCI","F","Martial","26","@WOL Sat 12:30PM","267","0","100","17.2","100%"
"*06mw0*","Nikola Milenkovic","NOT","D","saj","27","BRF Sun 9:00AM","265.75","0","100","82.2","100%"
"*061va*","Boubacar Kamara","AVL","M","FA","25","NEW Sat 7:30AM","264.5","0","2","1075.4","2%"
"*04sjt*","Alisson","LIV","G","Haha","32","BOU Fri 3:00PM","264.25","0","97","134.3","100%"
"*04fk5*","Ederson","MCI","G","ThatGuy","31","@WOL Sat 12:30PM","262.5","0","34","171.7","35%"
"*05ylw*","Rodrigo Bentancur","TOT","M","FA","28","BUR Sat 10:00AM","260.5","0","7","353.4","12%"
"*06v0m*","Luke ONien","SUN","M","FA","30","WHU Sat 10:00AM","259.75","0","0","-","0%"
"*04hk9*","Mikel Merino","ARS","M","Martial","29","@MUN Sun 11:30AM","257.75","0","68","134.5","68%"
"*05y9n*","Lewis Hall","NEW","D","FA","20","@AVL Sat 7:30AM","256.75","0","100","66.8","100%"
"*03rxs*","Harry Wilson","FUL","M","FA","28","@BHA Sat 10:00AM","256.5","0","100","92.7","95%"
"*06y9n*","Jamie Gittens","CHE","F","FA","20","CRY Sun 9:00AM","255.25","0","85","95.5","85%"
"*044w8*","Marcus Edwards","BUR","F","FA","26","@TOT Sat 10:00AM","252.75","0","42","139.1","50%"
"*04sat*","Emile Smith Rowe","FUL","M","TMKT","24","@BHA Sat 10:00AM","252.5","0","69","137.4","70%"
"*068n8*","Noni Madueke","ARS","M","PMSWJ","23","@MUN Sun 11:30AM","249.75","0","100","83.3","100%"
"*05akv*","Tyrick Mitchell","CRY","D","saj","25","@CHE Sun 9:00AM","249.5","0","100","93.2","95%"
"*05ybq*","Vitalii Mykolenko","EVE","D","FA","26","@LEE Mon 3:00PM","249","0","100","84.3","100%"
"*063e7*","Marcos Senesi","BOU","D","FA","28","@LIV Fri 3:00PM","248.25","0","64","138.3","65%"
"*06jgs*","Adam Wharton","CRY","M","FA","21","@CHE Sun 9:00AM","248.25","0","51","150.6","58%"
"*05l27*","Jarrad Branthwaite","EVE","D","FA","23","@LEE Mon 3:00PM","247.75","0","54","144.5","52%"
"*051k0*","John McGinn","AVL","M","FA","30","NEW Sat 7:30AM","246.5","0","5","383.5","12%"
"*05oh0*","Jan-Paul van Hecke","BHA","D","FA","25","FUL Sat 10:00AM","246.5","0","7","339.4","20%"
"*06mn0*","Igor Thiago","BRF","F","FA","24","@NOT Sun 9:00AM","246","0","97","94.2","90%"
"*05oeh*","Kenny Tete","FUL","D","TMKT","29","@BHA Sat 10:00AM","245.75","0","81","132.3","78%"
"*067ys*","Jack Hinshelwood","BHA","M","FA","20","FUL Sat 10:00AM","245.5","0","3","382.1","10%"
"*04qrc*","Raul Jimenez","FUL","F","Citeh","34","@BHA Sat 10:00AM","242","0","100","60.7","98%"
"*062p3*","Keane Lewis-Potter","BRF","M","FA","24","@NOT Sun 9:00AM","241","0","34","179.2","22%"
"*05udg*","Jose Sa","WOL","G","FA","32","MCI Sat 12:30PM","240.5","0","5","374.9","10%"
"*05oef*","Alphonse Areola","WHU","G","FA","32","@SUN Sat 10:00AM","240.25","0","2","1098.4","2%"
"*06pib*","Manuel Ugarte","MUN","M","FA","24","ARS Sun 11:30AM","240.25","0","2","1217.4","8%"
"*05ogb*","Anthony Elanga","NEW","F","Haha","23","@AVL Sat 7:30AM","240","0","100","38.4","100%"
"*04abn*","Harvey Barnes","NEW","M","FA","27","@AVL Sat 7:30AM","239.75","0","93","110.8","92%"
"*06do9*","Milos Kerkez","LIV","D","KLPD","21","BOU Fri 3:00PM","239","0","100","57.7","100%"
"*04yme*","Robert Sanchez","CHE","G","FA","27","CRY Sun 9:00AM","238.75","0","44","159.2","52%"
"*062p5*","Levi Colwill","CHE","D","FA","22","CRY Sun 9:00AM","237.75","0","34","166.3","35%"
"*06v02*","Joel Piroe","LEE","F","FA","25","EVE Mon 3:00PM","237.5","0","75","125.5","85%"
"*04f6h*","Matz Sels","NOT","G","Deekay","33","BRF Sun 9:00AM","237.25","0","83","145.1","92%"
"*063e3*","Neto","BOU","G","FA","36","@LIV Fri 3:00PM","237","0","0","-","2%"
"*06cmb*","Guglielmo Vicario","TOT","G","FA","28","BUR Sat 10:00AM","235.25","0","66","157.8","62%"
"*04spw*","James Garner","EVE","M","FA","24","@LEE Mon 3:00PM","234.75","0","2","1096.4","5%"
"*063zg*","Pervis Estupinan","BHA","D","FA","27","FUL Sat 10:00AM","233","0","100","87.4","100%"
"*06fwz*","Murillo","NOT","D","Deekay","23","BRF Sun 9:00AM","232.75","0","97","87.5","98%"
"*05uoc*","Cristian Romero","TOT","D","FA","27","BUR Sat 10:00AM","232.5","0","100","105.6","92%"
"*03brm*","Patrick Roberts","SUN","M","FA","28","WHU Sat 10:00AM","229.5","0","0","-","2%"
"*06dps*","Andre Onana","MUN","G","FA","29","ARS Sun 11:30AM","227","0","2","1106.4","8%"
"*06ymu*","El Hadji Malick Diouf","WHU","M","FA","20","@SUN Sat 10:00AM","225.25","0","21","196.7","13%"
"*068yi*","Illia Zabarnyi","BOU","D","FA","22","@LIV Fri 3:00PM","225.25","0","10","320.5","10%"
"*05nzu*","Gabriel Magalhaes","ARS","D","FA","27","@MUN Sun 11:30AM","224.75","0","100","77.5","100%"
"*05s08*","Valentino Livramento","NEW","D","Haha","22","@AVL Sat 7:30AM","224.5","0","76","116.5","85%"
"*05tqx*","David Raya","ARS","G","saj","29","@MUN Sun 11:30AM","224","0","92","144.8","90%"
"*05220*","Sepp van den Berg","BRF","D","FA","23","@NOT Sun 9:00AM","223.25","0","34","166.7","20%"
"*03frx*","Ola Aina","NOT","D","Fiji","28","BRF Sun 9:00AM","222.25","0","44","160.8","52%"
"*068lx*","Dango Ouattara","BOU","M","ThatGuy","23","@LIV Fri 3:00PM","222.25","0","100","83","100%"
"*06o2t*","Niclas Fullkrug","WHU","F","FA","32","@SUN Sat 10:00AM","219.25","0","44","170","38%"
"*05os4*","Rayan Ait-Nouri","MCI","D","Martial","24","@WOL Sat 12:30PM","219","0","100","51.5","100%"
"*06pia*","Maxence Lacroix","CRY","D","Deekay","25","@CHE Sun 9:00AM","216.75","0","71","131.7","70%"
"*06jgr*","Maxime Esteve","BUR","D","FA","23","@TOT Sat 10:00AM","216.5","0","5","360.5","12%"
"*02lsa*","Dan Burn","NEW","D","TMKT","33","@AVL Sat 7:30AM","215.75","0","97","101.6","95%"
"*05yg5*","Toti","WOL","D","FA","26","MCI Sat 12:30PM","215.25","0","2","1122.4","5%"
"*06fvn*","Beto","EVE","F","FA","27","@LEE Mon 3:00PM","213.75","0","90","105.5","90%"
"*062oh*","Jake OBrien","EVE","D","FA","24","@LEE Mon 3:00PM","211.75","0","24","188.2","12%"
"*03yww*","Dean Henderson","CRY","G","Citeh","28","@CHE Sun 9:00AM","211.25","0","14","274.9","35%"
"*05gcp*","Tomas Soucek","WHU","M","Citeh","30","@SUN Sat 10:00AM","210.5","0","71","130.3","70%"
"*061vn*","Rodrigo Muniz","FUL","F","FA","24","@BHA Sat 10:00AM","208.75","0","54","154.1","48%"
"*04qor*","Bernd Leno","FUL","G","FA","33","@BHA Sat 10:00AM","208.25","0","2","1035.4","18%"
"*04spq*","Jack Harrison","LEE","M","FA","28","EVE Mon 3:00PM","207.5","0","14","292.5","18%"
"*06mpp*","Mats Wieffer","BHA","M","FA","25","FUL Sat 10:00AM","205.5","0","83","100.3","85%"
"*0558w*","William Saliba","ARS","D","Citeh","24","@MUN Sun 11:30AM","204","0","81","110","90%"
"*050jq*","Marc Guehi","CRY","D","Fiji","25","@CHE Sun 9:00AM","203.25","0","71","133.4","75%"
"*03u2b*","Adama Traore","FUL","F","FA","29","@BHA Sat 10:00AM","201.5","0","69","145.6","62%"
"*05gcs*","Sander Berge","FUL","M","FA","27","@BHA Sat 10:00AM","200.25","0","2","1241.4","2%"
"*03dyx*","Josh Laurent","BUR","M","FA","30","@TOT Sat 10:00AM","199.5","0","0","-","0%"
"*02lz0*","Emiliano Martinez","AVL","G","FA","32","NEW Sat 7:30AM","196","0","8","310.7","15%"
"*06rlj*","Patrick Dorgu","MUN","D","FA","20","ARS Sun 11:30AM","192.5","0","66","153.1","52%"
"*05oig*","Liam Delap","CHE","F","PMSWJ","22","CRY Sun 9:00AM","191.75","0","100","67.1","100%"
"*03v9d*","Son Heung-Min","TOT","F","PMSWJ","33","BUR Sat 10:00AM","189.5","0","100","36.7","100%"
"*05os8*","Joachim Andersen","FUL","D","FA","29","@BHA Sat 10:00AM","188.5","0","7","363.4","10%"
"*06dmj*","Jurrien Timber","ARS","D","FA","24","@MUN Sun 11:30AM","187.5","0","51","128","70%"
"*03yqz*","Joe Rodon","LEE","D","FA","27","EVE Mon 3:00PM","185.75","0","2","1170.4","5%"
"*06fy7*","Nicolas Dominguez","NOT","M","FA","27","BRF Sun 9:00AM","180","0","0","-","0%"
"*068yt*","Sasa Lukic","FUL","M","FA","28","@BHA Sat 10:00AM","178.25","0","5","396.2","2%"
"*06ybp*","Thierno Barry","EVE","F","FA","22","@LEE Mon 3:00PM","169","0","50","116.4","67%"
"*05g4d*","Dennis Cirkin","SUN","D","FA","23","WHU Sat 10:00AM","168.75","0","2","1198.4","2%"
"*06uzn*","Lucas Pires","BUR","D","FA","24","@TOT Sat 10:00AM","168.5","0","0","-","0%"
"*06v12*","Fer Lopez","WOL","F","FA","21","MCI Sat 12:30PM","168","0","58","152.9","60%"
"*05t6y*","Hannibal Mejbri","BUR","M","FA","22","@TOT Sat 10:00AM","167.75","0","2","1188.4","5%"
"*04qfm*","Ryan Sessegnon","FUL","M","PMSWJ","25","@BHA Sat 10:00AM","167","0","93","115","85%"
"*05raa*","Hugo Bueno","WOL","D","FA","22","MCI Sat 12:30PM","166.5","0","0","-","0%"
"*06cmu*","Bart Verbruggen","BHA","G","Martial","22","FUL Sat 10:00AM","164.25","0","2","1049.4","10%"
"*06ezb*","Micky van de Ven","TOT","D","FA","24","BUR Sat 10:00AM","163","0","2","1090.4","12%"
"*06v05*","Jeremie Frimpong","LIV","D","FA","24","BOU Fri 3:00PM","162.25","0","100","43","100%"
"*0554g*","Calvin Bassey","FUL","D","FA","25","@BHA Sat 10:00AM","160.25","0","2","1147.4","2%"
"*06v06*","Tijjani Reijnders","MCI","M","FA","26","@WOL Sat 12:30PM","158.25","0","100","75.5","100%"
"*04tig*","Fabian Schar","NEW","D","KLPD","33","@AVL Sat 7:30AM","156.5","0","68","142.2","65%"
"*06p5s*","Brajan Gruda","BHA","M","KLPD","21","FUL Sat 10:00AM","156.25","0","78","122.7","78%"
"*06xzd*","Charalampos Kostoulas","BHA","F","FA","18","FUL Sat 10:00AM","156","0","24","187.4","20%"
"*06uzo*","Zian Flemming","BUR","M","FA","26","@TOT Sat 10:00AM","155","0","2","1250.4","5%"
"*05u7f*","Ibrahima Konate","LIV","D","FA","26","BOU Fri 3:00PM","155","0","97","110","98%"
"*051k3*","Jacob Ramsey","AVL","M","FA","24","NEW Sat 7:30AM","154.5","0","2","1184.4","8%"
"*05mzt*","Illan Meslier","LEE","G","FA","25","EVE Mon 3:00PM","154.25","0","5","367.9","2%"
"*051k7*","Reece James","CHE","D","Martial","25","CRY Sun 9:00AM","152.75","0","100","92.8","100%"
"*06y4g*","Antoni Milambo","BRF","M","FA","20","@NOT Sun 9:00AM","149.25","0","2","1110","5%"
"*05mzz*","Pascal Struijk","LEE","D","FA","25","EVE Mon 3:00PM","149","0","2","1133.4","5%"
"*02lnx*","Danny Welbeck","BHA","F","PMSWJ","34","FUL Sat 10:00AM","148.5","0","64","129.3","68%"
"*06y9z*","Martin Zubimendi","ARS","M","FA","26","@MUN Sun 11:30AM","148.25","0","48","146.3","44%"
"*052ca*","Ezri Konsa","AVL","D","Martial","27","NEW Sat 7:30AM","147","0","2","1165.4","8%"
"*06v0s*","Eliezer Mayenda","SUN","F","FA","20","WHU Sat 10:00AM","146","0","90","112.9","85%"
"*06y9m*","Maxim De Cuyper","BHA","D","FA","24","FUL Sat 10:00AM","145.25","0","52","126.2","59%"
"*05omu*","Ruben Dias","MCI","D","Citeh","28","@WOL Sat 12:30PM","145","0","19","211","28%"
"*06f81*","Edson Alvarez","WHU","M","FA","27","@SUN Sat 10:00AM","144.75","0","0","-","0%"
"*04fk6*","Bernardo Silva","MCI","M","Citeh","30","@WOL Sat 12:30PM","143.5","0","93","91.8","92%"
"*06v0d*","Anthony Patterson","SUN","G","FA","25","WHU Sat 10:00AM","143.5","0","7","368.4","5%"
"*05tr8*","Christian Norgaard","ARS","M","Fiji","31","@MUN Sun 11:30AM","141.75","0","53","151.3","50%"
"*06nvg*","Jota Silva","NOT","F","FA","25","BRF Sun 9:00AM","137.5","0","22","174.3","32%"
"*052cb*","Ian Maatsen","AVL","D","FA","23","NEW Sat 7:30AM","137.25","0","97","104.2","92%"
"*06v0l*","Chris Rigg","SUN","M","FA","18","WHU Sat 10:00AM","135.5","0","17","245.3","18%"
"*06f8y*","Alex Scott","BOU","M","FA","21","@LIV Fri 3:00PM","133.25","0","2","1195.4","5%"
"*0520r*","Leandro Trossard","ARS","M","FA","30","@MUN Sun 11:30AM","132","0","85","107.1","88%"
"*06v0t*","Wilson Isidor","SUN","F","FA","24","WHU Sat 10:00AM","130.5","0","20","203.7","20%"
"*03jly*","Andreas Pereira","FUL","M","FA","29","@BHA Sat 10:00AM","130","0","51","155.1","35%"
"*06mn7*","Lucas Bergvall","TOT","M","FA","19","BUR Sat 10:00AM","129.25","0","2","1174.4","8%"
"*0642l*","Casemiro","MUN","M","Citeh","33","ARS Sun 11:30AM","129","0","0","-","0%"
"*05gcx*","Josh Brownhill","BUR","M","FA","29","@TOT Sat 10:00AM","127","0","61","145.4","62%"
"*063y7*","Destiny Udogie","TOT","D","FA","22","BUR Sat 10:00AM","126.25","0","32","160.4","38%"
"*06rm8*","Mathys Tel","TOT","F","Haha","20","BUR Sat 10:00AM","126.25","0","97","98.6","95%"
"*04u40*","Kepa","ARS","G","PMSWJ","30","@MUN Sun 11:30AM","123.75","0","2","1123.4","8%"
"*066r9*","Ehor Yarmolyuk","BRF","M","FA","21","@NOT Sun 9:00AM","123.5","0","0","-","5%"
"*04tzt*","Jefferson Lerma","CRY","M","Haha","30","@CHE Sun 9:00AM","122.75","0","2","1166.4","2%"
"*05udw*","Romaine Mundle","SUN","F","FA","22","WHU Sat 10:00AM","121.5","0","10","337.3","8%"
"*05o4b*","Matty Cash","AVL","D","FA","27","NEW Sat 7:30AM","120.25","0","2","1190.4","5%"
"*06mn8*","Rodrigo Gomes","WOL","M","FA","22","MCI Sat 12:30PM","118.75","0","5","413.5","5%"
"*062h7*","Tyler Adams","BOU","M","FA","26","@LIV Fri 3:00PM","117.5","0","2","1157.4","5%"
"*05ojg*","Nelson Semedo","WOL","D","FA","31","MCI Sat 12:30PM","116.5","0","12","258.7","15%"
"*05rl4*","Crysencio Summerville","WHU","M","FA","23","@SUN Sat 10:00AM","113.5","0","64","144.2","68%"
"*068yc*","Yasin Ayari","BHA","M","FA","21","FUL Sat 10:00AM","112","0","10","333.3","10%"
"*04qfz*","Diogo Dalot","MUN","D","FA","26","ARS Sun 11:30AM","111","0","69","144.5","58%"
"*0666p*","Kobbie Mainoo","MUN","M","FA","20","ARS Sun 11:30AM","111","0","2","1214.4","8%"
"*05ojf*","Fabio Carvalho","BRF","M","FA","22","@NOT Sun 9:00AM","110.75","0","0","-","2%"
"*03gu4*","Harry Maguire","MUN","D","FA","32","ARS Sun 11:30AM","110.25","0","15","249.8","20%"
"*05tr9*","Mathias Jensen","BRF","M","FA","29","@NOT Sun 9:00AM","109.75","0","0","-","0%"
"*066sd*","Myles Lewis-Skelly","ARS","D","FA","18","@MUN Sun 11:30AM","107.75","0","63","126.8","78%"
"*062pl*","Lisandro Martinez","MUN","D","FA","27","ARS Sun 11:30AM","105.5","0","2","1179.4","5%"
"*0626q*","Simon Adingra","SUN","M","KLPD","23","WHU Sat 10:00AM","105.25","0","100","78.6","98%"
"*06p4k*","Matthijs de Ligt","MUN","D","ThatGuy","25","ARS Sun 11:30AM","104.25","0","5","388.2","5%"
"*0635j*","Chris Richards","CRY","D","FA","25","@CHE Sun 9:00AM","99.75","0","71","138.6","62%"
"*06crm*","Pau Torres","AVL","D","FA","28","NEW Sat 7:30AM","99.5","0","2","1180.4","5%"
"*063e8*","Goncalo Guedes","WOL","F","FA","28","MCI Sat 12:30PM","98.75","0","2","1244.4","2%"
"*06rgg*","Michael Kayode","BRF","D","Martial","21","@NOT Sun 9:00AM","97.75","0","100","87.3","98%"
"*04azm*","Connor Roberts","BUR","D","FA","29","@TOT Sat 10:00AM","97.25","0","2","1235.4","2%"
"*03vll*","Michail Antonio","WHU","F","FA","35","@SUN Sat 10:00AM","95","0","2","1224.4","2%"
"*05unu*","Romeo Lavia","CHE","M","FA","21","CRY Sun 9:00AM","95","0","2","1201.4","5%"
"*04e1c*","Lewis Dunk","BHA","D","FA","33","FUL Sat 10:00AM","93.75","0","2","1237.4","2%"
"*04ge7*","Donyell Malen","AVL","F","FA","26","NEW Sat 7:30AM","92","0","5","367.2","8%"
"*04f6o*","Will Hughes","CRY","M","FA","30","@CHE Sun 9:00AM","90.5","0","3","463.1","2%"
"*061y6*","Ryan Yates","NOT","M","FA","27","BRF Sun 9:00AM","90","0","0","-","0%"
"*04e1e*","Ben White","ARS","D","PMSWJ","27","@MUN Sun 11:30AM","89.25","0","80","110.5","88%"
"*06y29*","Habib Diarra","SUN","M","FA","21","WHU Sat 10:00AM","88.5","0","19","230","10%"
"*06fxu*","Ibrahim Sangare","NOT","M","FA","27","BRF Sun 9:00AM","87.25","0","0","-","0%"
"*06mnc*","Daichi Kamada","CRY","M","FA","28","@CHE Sun 9:00AM","87","0","0","-","0%"
"*05tre*","Vitaly Janelt","BRF","M","FA","27","@NOT Sun 9:00AM","86.75","0","0","-","2%"
"*062ts*","Djed Spence","TOT","D","FA","24","BUR Sat 10:00AM","85.75","0","31","170.9","28%"
"*06v01*","Ilia Gruev","LEE","M","FA","25","EVE Mon 3:00PM","85","0","3","464.1","2%"
"*06dqv*","Luca Koleosho","BUR","M","FA","20","@TOT Sat 10:00AM","84.75","0","0","-","2%"
"*04qfq*","Matt ORiley","BHA","M","FA","24","FUL Sat 10:00AM","84.5","0","83","121.7","75%"
"*062a9*","Sven Botman","NEW","D","FA","25","@AVL Sat 7:30AM","83.75","0","19","244.4","12%"
"*02oq8*","James Ward-Prowse","WHU","M","KLPD","30","@SUN Sat 10:00AM","81","0","64","131.8","70%"
"*04mqv*","Emerson","WHU","D","FA","30","@SUN Sat 10:00AM","79.25","0","0","-","0%"
"*04ge9*","Eddie Nketiah","CRY","F","FA","26","@CHE Sun 9:00AM","78.25","0","10","337.8","12%"
"*03ek4*","Patrick Bamford","LEE","F","FA","31","EVE Mon 3:00PM","77.75","0","0","-","2%"
"*05w91*","Hwang Hee-Chan","WOL","F","FA","29","MCI Sat 12:30PM","77","0","2","1114.4","5%"
"*063hu*","Amadou Onana","AVL","M","FA","23","NEW Sat 7:30AM","75.25","0","2","1018.4","2%"
"*06c4o*","Lyle Foster","BUR","F","FA","24","@TOT Sat 10:00AM","74.75","0","2","1211.4","2%"
"*05uns*","Leon Bailey","AVL","M","FA","27","NEW Sat 7:30AM","74.5","0","0","-","0%"
"*04io4*","Richarlison","TOT","F","FA","28","BUR Sat 10:00AM","74","0","2","1246.4","2%"
"*04tm0*","Lucas Digne","AVL","D","FA","31","NEW Sat 7:30AM","72.75","0","69","137.4","72%"
"*04o82*","Curtis Jones","LIV","M","ThatGuy","24","BOU Fri 3:00PM","72.25","0","2","1251.4","8%"
"*063zi*","Matheus Nunes","MCI","D","KLPD","26","@WOL Sat 12:30PM","70.5","0","93","115.1","90%"
"*02m11*","Matt Doherty","WOL","D","Deekay","33","MCI Sat 12:30PM","69.5","0","2","1239.4","2%"
"*061x2*","Darwin Nunez","LIV","F","ThatGuy","26","BOU Fri 3:00PM","69.25","0","41","170.8","22%"
"*06cm1*","Nicolas Jackson","CHE","F","saj","24","CRY Sun 9:00AM","67.75","0","100","95.2","92%"
"*065ao*","Ethan Nwaneri","ARS","M","Martial","18","@MUN Sun 11:30AM","67.5","0","97","110","92%"
"*062h9*","Luis Sinisterra","BOU","F","FA","26","@LIV Fri 3:00PM","66.75","0","2","1218.4","5%"
"*06nu7*","Riccardo Calafiori","ARS","D","TMKT","23","@MUN Sun 11:30AM","65.25","0","39","161.9","42%"
"*05w7t*","Pape Sarr","TOT","M","ThatGuy","22","BUR Sat 10:00AM","64.75","0","2","1227.4","5%"
"*04ge6*","Joe Willock","NEW","M","FA","25","@AVL Sat 7:30AM","63.5","0","2","1245.4","2%"
"*05ye7*","Oscar Bobb","MCI","M","FA","22","@WOL Sat 12:30PM","62.75","0","41","169.8","32%"
"*03xrs*","Axel Tuanzebe","BUR","D","FA","27","@TOT Sat 10:00AM","62.5","0","2","1204.2","2%"
"*03yeg*","Tosin Adarabioyo","CHE","D","FA","27","CRY Sun 9:00AM","61","0","2","1152.4","5%"
"*06mve*","Joshua Zirkzee","MUN","F","FA","24","ARS Sun 11:30AM","60.25","0","10","312.1","15%"
"*06uyd*","Diego Coppola","BHA","D","FA","21","FUL Sat 10:00AM","58.25","0","3","407.1","5%"
"*06phe*","Ferdi Kadioglu","BHA","D","FA","25","FUL Sat 10:00AM","57.75","0","14","308.6","15%"
"*05vyc*","Aaron Ramsey","BUR","M","FA","22","@TOT Sat 10:00AM","57.25","0","0","-","0%"
"*06yb7*","Gabriel Gudmundsson","LEE","D","FA","26","EVE Mon 3:00PM","56.5","0","2","1093","3%"
"*06ybq*","Chemsdine Talbi","SUN","F","FA","20","WHU Sat 10:00AM","56.5","0","7","343.1","3%"
"*03sbh*","Enes Unal","BOU","F","FA","28","@LIV Fri 3:00PM","56.25","0","0","-","0%"
"*052cd*","Mason Mount","MUN","M","FA","26","ARS Sun 11:30AM","55.5","0","37","188.3","28%"
"*06clz*","Malo Gusto","CHE","D","FA","22","CRY Sun 9:00AM","55.25","0","22","197.1","28%"
"*06mx0*","Leny Yoro","MUN","D","FA","19","ARS Sun 11:30AM","55.25","0","2","1137.4","10%"
"*06xzc*","Stefanos Tzimas","BHA","F","FA","19","FUL Sat 10:00AM","53.5","0","2","1227.2","5%"
"*05ts6*","Yerson Mosquera","WOL","D","FA","24","MCI Sat 12:30PM","52.5","0","32","145.3","38%"
"*02lp9*","Kyle Walker","BUR","D","FA","35","@TOT Sat 10:00AM","51.5","0","4","441.6","8%"
"*04ml6*","Konstantinos Mavropanos","WHU","D","ThatGuy","27","@SUN Sat 10:00AM","51.25","0","0","-","0%"
"*0435t*","Ilkay Gundogan","MCI","M","FA","34","@WOL Sat 12:30PM","51","0","2","1205.4","5%"
"*06uns*","Tom Watson","BHA","F","FA","19","FUL Sat 10:00AM","50","0","0","-","2%"
"*04lav*","Ethan Ampadu","LEE","D","FA","24","EVE Mon 3:00PM","49.75","0","2","1167.4","2%"
"*02lk5*","Jordan Henderson","BRF","M","FA","35","@NOT Sun 9:00AM","48.75","0","4","398.6","3%"
"*066sh*","Bashir Humphreys","BUR","D","FA","22","@TOT Sat 10:00AM","48","0","0","-","0%"
"*06fwx*","Santiago Bueno","WOL","D","FA","26","MCI Sat 12:30PM","46.75","0","0","-","0%"
"*05a6d*","Tariq Lamptey","BHA","D","FA","24","FUL Sat 10:00AM","46.5","0","0","-","0%"
"*05opl*","Wesley Fofana","CHE","D","FA","24","CRY Sun 9:00AM","45.5","0","2","1233.4","2%"
"*05t6z*","Tim Iroegbunam","EVE","M","FA","22","@LEE Mon 3:00PM","44","0","0","-","2%"
"*04xjr*","Harvey Elliott","LIV","M","FA","22","BOU Fri 3:00PM","41.75","0","36","151.4","52%"
"*04u41*","Mateo Kovacic","MCI","M","PMSWJ","31","@WOL Sat 12:30PM","41.5","0","0","-","2%"
"*0649j*","Manuel Akanji","MCI","D","Haha","30","@WOL Sat 12:30PM","39.5","0","2","1121.4","8%"
"*06y9o*","Igor Jesus Maciel da Cruz","NOT","F","FA","24","BRF Sun 9:00AM","39","0","17","255.6","10%"
"*06y27*","Loum Tchaouna","BUR","F","FA","21","@TOT Sat 10:00AM","38","0","35","125.6","49%"
"*05tqz*","Rico Henry","BRF","D","FA","28","@NOT Sun 9:00AM","37","0","0","-","0%"
"*06kx1*","Justin Devenny","CRY","M","FA","21","@CHE Sun 9:00AM","35.25","0","0","-","2%"
"*06y59*","Noah Sadiki","SUN","M","FA","20","WHU Sat 10:00AM","35","0","2","1157","3%"
"*06dwm*","Jacob Bruun Larsen","BUR","F","FA","26","@TOT Sat 10:00AM","34.75","0","0","-","0%"
"*04sft*","Yves Bissouma","TOT","M","FA","28","BUR Sat 10:00AM","33","0","0","-","0%"
"*06ab3*","Lewis Miley","NEW","M","FA","19","@AVL Sat 7:30AM","33","0","0","-","5%"
"*067x8*","Nico OReilly","MCI","M","FA","20","@WOL Sat 12:30PM","33","0","51","146.9","52%"
"*03ysd*","Sam Byram","LEE","D","FA","31","EVE Mon 3:00PM","29.75","0","0","-","0%"
"*05tr1*","Ethan Pinnock","BRF","D","FA","32","@NOT Sun 9:00AM","29","0","19","201.7","20%"
"*04lnu*","Lukas Nmecha","LEE","F","FA","26","EVE Mon 3:00PM","28.25","0","36","152.3","32%"
"*06exb*","Rasmus Hojlund","MUN","F","FA","22","ARS Sun 11:30AM","27.75","0","2","1134.4","8%"
"*06fhy*","Wilson Odobert","TOT","F","FA","20","BUR Sat 10:00AM","27.75","0","27","158.9","35%"
"*05gcc*","Kiernan Dewsbury-Hall","CHE","M","FA","26","CRY Sun 9:00AM","25.25","0","0","-","2%"
"*061vb*","James Hill","BOU","D","FA","23","@LIV Fri 3:00PM","25","0","0","-","2%"
"*05n3v*","Konstantinos Tsimikas","LIV","D","Deekay","29","BOU Fri 3:00PM","24.5","0","0","-","0%"
"*06cm0*","Christopher Nkunku","CHE","F","FA","27","CRY Sun 9:00AM","24","0","24","197.4","15%"
"*066j4*","Mateo Joseph","LEE","F","FA","21","EVE Mon 3:00PM","23.5","0","0","-","0%"
"*06v6n*","Quilindschy Hartman","BUR","D","FA","23","@TOT Sat 10:00AM","23.25","0","2","1149.2","2%"
"*062x7*","Rico Lewis","MCI","D","FA","20","@WOL Sat 12:30PM","22.5","0","2","1225.4","10%"
"*05yct*","Nathan Patterson","EVE","D","FA","23","@LEE Mon 3:00PM","22.5","0","2","1223.4","2%"
"*06y26*","Olivier Boscagli","BHA","D","FA","27","FUL Sat 10:00AM","21.25","0","2","1166","3%"
"*04rzl*","Taiwo Awoniyi","NOT","F","FA","27","BRF Sun 9:00AM","20.75","0","2","1248.4","2%"
"*068a3*","Danilo","NOT","M","FA","24","BRF Sun 9:00AM","20.75","0","0","-","0%"
"*03dx3*","Kieran Trippier","NEW","D","ThatGuy","34","@AVL Sat 7:30AM","19.75","0","42","156.7","50%"
"*06r5b*","Diego Gomez","BHA","M","FA","22","FUL Sat 10:00AM","19.25","0","0","-","2%"
"*05t6x*","William Osula","NEW","F","FA","21","@AVL Sat 7:30AM","18.5","0","0","-","2%"
"*06onx*","Jean-Clair Todibo","WHU","D","FA","25","@SUN Sat 10:00AM","18.25","0","2","1222.4","2%"
"*02lpf*","Ross Barkley","AVL","M","FA","31","NEW Sat 7:30AM","18","0","0","-","0%"
"*05y7c*","Archie Gray","TOT","M","FA","19","BUR Sat 10:00AM","18","0","2","1176.4","5%"
"*06rm7*","Nico Gonzalez","MCI","M","FA","23","@WOL Sat 12:30PM","17.25","0","0","-","2%"
"*03rec*","Tyrone Mings","AVL","D","FA","32","NEW Sat 7:30AM","17","0","2","1144.4","2%"
"*06oav*","Guido Rodriguez","WHU","M","FA","31","@SUN Sat 10:00AM","16","0","0","-","0%"
"*06v0k*","Alan Browne","SUN","M","FA","30","WHU Sat 10:00AM","15.5","0","0","-","0%"
"*05mxa*","Joel Veltman","BHA","D","FA","33","FUL Sat 10:00AM","15.25","0","0","-","0%"
"*06635*","Oliver Scarles","WHU","D","FA","19","@SUN Sat 10:00AM","14.5","0","0","-","2%"
"*062ot*","Cheick Doucoure","CRY","M","FA","25","@CHE Sun 9:00AM","13.25","0","2","1127.4","2%"
"*06mrz*","Pedro Lima","WOL","D","FA","19","MCI Sat 12:30PM","12.25","0","0","-","2%"
"*04rh9*","David Brooks","BOU","M","FA","28","@LIV Fri 3:00PM","11.75","0","0","-","0%"
"*04ug0*","Sean Longstaff","LEE","M","FA","27","EVE Mon 3:00PM","8.75","0","0","-","0%"
"*06fso*","Wataru Endo","LIV","M","FA","32","BOU Fri 3:00PM","8","0","0","-","0%"
"*06l4i*","Tyrique George","CHE","F","FA","19","CRY Sun 9:00AM","7.75","0","0","-","5%"
"*06clx*","Jordan Beyer","BUR","D","FA","25","@TOT Sat 10:00AM","6.25","0","0","-","0%"
"*045c8*","Gabriel Jesus","ARS","F","FA","28","@MUN Sun 11:30AM","6.25","0","0","-","2%"
"*0328q*","Tom Cairney","FUL","M","FA","34","@BHA Sat 10:00AM","6","0","2","1247.4","2%"
"*06uzv*","Dario Essugo","CHE","M","FA","20","CRY Sun 9:00AM","6","0","0","-","2%"
"*06jh3*","Joshua King","FUL","M","FA","18","@BHA Sat 10:00AM","6","0","0","-","2%"
"*03gu5*","Andrew Robertson","LIV","D","TMKT","31","BOU Fri 3:00PM","5.75","0","12","309.4","15%"
"*02oq6*","Luke Shaw","MUN","D","FA","30","ARS Sun 11:30AM","5.5","0","0","-","2%"
"*05uel*","Kristoffer Ajer","BRF","D","FA","27","@NOT Sun 9:00AM","5.25","0","0","-","0%"
"*03dxr*","Ashley Barnes","BUR","F","FA","35","@TOT Sat 10:00AM","4","0","0","-","0%"
"*05o4c*","Timothy Castagne","FUL","D","FA","29","@BHA Sat 10:00AM","3.75","0","0","-","0%"
"*06p4l*","Julian Araujo","BOU","D","FA","23","@LIV Fri 3:00PM","1.75","0","0","-","0%"
"*06v0u*","Ahmed Abdullahi","SUN","F","FA","21","WHU Sat 10:00AM","0","0","0","-","0%"
"*05ymb*","Tayo Adaramola","CRY","D","FA","21","@CHE Sun 9:00AM","0","0","0","-","0%"
"*06yb6*","Oluwaseun Adewumi","BUR","M","FA","20","@TOT Sat 10:00AM","0","0","0","-","0%"
"*06nvc*","Asher Agbinone","CRY","M","FA","19","@CHE Sun 9:00AM","0","0","0","-","2%"
"*0620k*","Nayef Aguerd","WHU","D","FA","29","@SUN Sat 10:00AM","0","0","0","-","0%"
"*06cly*","Enock Agyei","BUR","F","FA","20","@TOT Sat 10:00AM","0","0","0","-","2%"
"*068ys*","Naouirou Ahamada","CRY","M","FA","23","@CHE Sun 9:00AM","0","0","0","-","0%"
"*06r5r*","Matai Akinmboni","BOU","D","FA","18","@LIV Fri 3:00PM","0","0","0","-","2%"
"*060wh*","Alejandro Garnacho","MUN","M","FA","21","ARS Sun 11:30AM","0","0","61","161.3","42%"
"*06v0v*","Milan Aleksic","SUN","F","FA","19","WHU Sat 10:00AM","0","0","0","-","2%"
"*0687b*","Alex Moreno","AVL","D","FA","32","NEW Sat 7:30AM","0","0","0","-","0%"
"*06dn2*","Zeki Amdouni","BUR","F","FA","24","@TOT Sat 10:00AM","0","0","0","-","0%"
"*05uh0*","Joseph Anderson","SUN","D","FA","24","WHU Sat 10:00AM","0","0","0","-","0%"
"*068a0*","Andrey Santos","CHE","M","FA","21","CRY Sun 9:00AM","0","0","2","1173.4","10%"
"*05vyh*","Andy Moran","BHA","M","FA","21","FUL Sat 10:00AM","0","0","0","-","2%"
"*06r5m*","Aaron Anselmino","CHE","D","FA","20","CRY Sun 9:00AM","0","0","0","-","2%"
"*0649i*","Antony","MUN","M","FA","25","ARS Sun 11:30AM","0","0","0","-","0%"
"*06onv*","Harrison Armstrong","EVE","M","FA","18","@LEE Mon 3:00PM","0","0","0","-","2%"
"*06rm3*","Marco Asensio","AVL","M","Citeh","29","NEW Sat 7:30AM","0","0","100","-","0%"
"*05ogh*","Harrison Ashby","NEW","D","FA","23","@AVL Sat 7:30AM","0","0","0","-","0%"
"*04gyd*","Brandon Austin","TOT","G","FA","26","BUR Sat 10:00AM","0","0","0","-","0%"
"*06xzn*","Abdoullah Ba","SUN","M","FA","21","WHU Sat 10:00AM","0","0","0","-","0%"
"*06804*","Benoit Badiashile","CHE","D","FA","24","CRY Sun 9:00AM","0","0","0","-","0%"
"*062p0*","Stefan Bajcetic","LIV","M","FA","20","BOU Fri 3:00PM","0","0","0","-","2%"
"*05u40*","Ellery Balcombe","BRF","G","FA","25","@NOT Sun 9:00AM","0","0","0","-","0%"
"*06uzr*","Jaydon Banel","BUR","F","FA","20","@TOT Sat 10:00AM","0","0","0","-","0%"
"*06fx0*","Altay Bayindir","MUN","G","Fiji","27","ARS Sun 11:30AM","0","0","0","-","0%"
"*06y4h*","Ines Belloumou","WHU","D","FA","24","@SUN Sat 10:00AM","0","0","0","-","0%"
"*06fwn*","Steven Benda","FUL","G","FA","26","@BHA Sat 10:00AM","0","0","0","-","0%"
"*06xze*","Walter Benitez","CRY","G","FA","32","@CHE Sun 9:00AM","0","0","0","-","0%"
"*02lo6*","Daniel Bentley","WOL","G","FA","32","MCI Sat 12:30PM","0","0","0","-","0%"
"*02ls8*","Marcus Bettinelli","MCI","G","FA","33","@WOL Sat 12:30PM","0","0","0","-","2%"
"*06v51*","Jaka Bijol","LEE","D","FA","26","EVE Mon 3:00PM","0","0","2","1191.4","2%"
"*04f67*","Philip Billing","BOU","M","FA","29","@LIV Fri 3:00PM","0","0","0","-","0%"
"*06ymt*","Marco Bizot","AVL","G","FA","34","NEW Sat 7:30AM","0","0","0","-","0%"
"*04qr0*","Willy Boly","NOT","D","FA","34","BRF Sun 9:00AM","0","0","0","-","0%"
"*06cm7*","Josh Bowler","NOT","M","FA","26","BRF Sun 9:00AM","0","0","0","-","0%"
"*05gvx*","Armando Broja","CHE","F","FA","23","CRY Sun 9:00AM","0","0","0","-","0%"
"*051kl*","Emiliano Buendia","AVL","M","FA","28","NEW Sat 7:30AM","0","0","7","343.3","2%"
"*067yu*","Facundo Buonanotte","BHA","M","FA","20","FUL Sat 10:00AM","0","0","16","260.2","18%"
"*06uzw*","Alex Cairns","LEE","G","FA","32","EVE Mon 3:00PM","0","0","0","-","0%"
"*06mx2*","Carlos Miguel","NOT","G","FA","26","BRF Sun 9:00AM","0","0","0","-","0%"
"*066iy*","Kaelan Casey","WHU","D","FA","20","@SUN Sat 10:00AM","0","0","0","-","0%"
"*06rlf*","Eiran Cashin","BHA","D","FA","23","FUL Sat 10:00AM","0","0","0","-","0%"
"*06phw*","Federico Chiesa","LIV","F","FA","27","BOU Fri 3:00PM","0","0","0","-","2%"
"*03v6t*","Ben Chilwell","CHE","D","FA","28","CRY Sun 9:00AM","0","0","15","262.5","12%"
"*06ib6*","Tawanda Chirewa","WOL","M","FA","21","MCI Sat 12:30PM","0","0","0","-","0%"
"*05re5*","Carney Chukwuemeka","CHE","M","FA","21","CRY Sun 9:00AM","0","0","0","-","2%"
"*06c4r*","Darko Churlinov","BUR","F","FA","25","@TOT Sat 10:00AM","0","0","0","-","0%"
"*06crn*","Toby Collyer","MUN","M","FA","21","ARS Sun 11:30AM","0","0","0","-","2%"
"*06xzh*","Antonito Cordero","NEW","F","FA","18","@AVL Sat 7:30AM","0","0","0","-","2%"
"*05w90*","Maxwel Cornet","WHU","F","FA","28","@SUN Sat 10:00AM","0","0","0","-","0%"
"*05xtq*","Matthew Cox","BRF","G","FA","22","@NOT Sun 9:00AM","0","0","0","-","0%"
"*06xzf*","Charlie Crew","LEE","M","FA","19","EVE Mon 3:00PM","0","0","0","-","0%"
"*06mnd*","Eric da Silva Moreira","NOT","F","FA","19","BRF Sun 9:00AM","0","0","0","-","2%"
"*03pif*","Karl Darlow","LEE","G","FA","34","EVE Mon 3:00PM","0","0","0","-","0%"
"*06fuh*","Hannes Delcroix","BUR","D","FA","26","@TOT Sat 10:00AM","0","0","0","-","0%"
"*04u6i*","Leander Dendoncker","AVL","M","FA","30","NEW Sat 7:30AM","0","0","0","-","0%"
"*05tz8*","Emmanuel Dennis","NOT","F","FA","27","BRF Sun 9:00AM","0","0","0","-","0%"
"*056as*","William Dennis","BOU","G","FA","25","@LIV Fri 3:00PM","0","0","0","-","0%"
"*05nio*","Alfie Devine","TOT","M","FA","20","BUR Sat 10:00AM","0","0","0","-","0%"
"*04qr8*","Diogo Jota","LIV","F","TMKT","28","BOU Fri 3:00PM","0","0","100","-","0%"
"*06ew2*","Axel Disasi","CHE","D","FA","27","CRY Sun 9:00AM","0","0","0","-","0%"
"*066nn*","Ben Doak","LIV","F","FA","19","BOU Fri 3:00PM","0","0","0","-","2%"
"*05uog*","Lewis Dobbin","AVL","F","FA","22","NEW Sat 7:30AM","0","0","0","-","0%"
"*05ux0*","Owen Dodgson","BUR","D","FA","22","@TOT Sat 10:00AM","0","0","0","-","0%"
"*06xzb*","Romelle Donovan","BRF","M","FA","18","@NOT Sun 9:00AM","0","0","0","-","2%"
"*04mr4*","Martin Dubravka","NEW","G","FA","36","@AVL Sat 7:30AM","0","0","0","-","0%"
"*06dmn*","George Earthy","WHU","M","FA","20","@SUN Sat 10:00AM","0","0","0","-","2%"
"*062ck*","Malcolm Ebiowei","CRY","F","FA","21","@CHE Sun 9:00AM","0","0","0","-","0%"
"*06kyw*","Claudio Echeverri","MCI","M","FA","19","@WOL Sat 12:30PM","0","0","0","-","2%"
"*05w9q*","Odsonne Edouard","CRY","F","FA","27","@CHE Sun 9:00AM","0","0","0","-","0%"
"*06c4h*","Hjalmar Ekdal","BUR","D","FA","26","@TOT Sat 10:00AM","0","0","0","-","0%"
"*05yf8*","Pierre Ekwah","SUN","M","FA","23","WHU Sat 10:00AM","0","0","0","-","0%"
"*06phv*","Bilal El Khannouss","LEI","M","Haha","21","","0","0","-","-","0%"
"*061xs*","Julio Enciso","BHA","M","Deekay","21","FUL Sat 10:00AM","0","0","18","251.5","8%"
"*06muj*","Ethan Ennis","MUN","M","FA","20","ARS Sun 11:30AM","0","0","0","-","2%"
"*06pe1*","Mateus Goncalo Espanha Fernandes","SOU","M","Deekay","21","","0","0","-","-","0%"
"*06r9h*","Romain Esse","CRY","M","FA","20","@CHE Sun 9:00AM","0","0","24","164.1","38%"
"*05o8k*","Fabio Silva","WOL","F","FA","23","MCI Sat 12:30PM","0","0","0","-","0%"
"*061z3*","Fabio Vieira","ARS","M","FA","25","@MUN Sun 11:30AM","0","0","0","-","0%"
"*06jgk*","Romain Faivre","BOU","M","FA","27","@LIV Fri 3:00PM","0","0","0","-","0%"
"*05vyj*","Evan Ferguson","BHA","F","FA","20","FUL Sat 10:00AM","0","0","22","192","12%"
"*06clu*","Mark Flekken","BRF","G","KLPD","32","@NOT Sun 9:00AM","0","0","-","-","-"
"*05n0a*","Wes Foderingham","WHU","G","FA","34","@SUN Sat 10:00AM","0","0","0","-","0%"
"*06jgt*","Joe Gauci","AVL","G","FA","25","NEW Sat 7:30AM","0","0","0","-","0%"
"*05n3u*","Joe Gelhardt","LEE","F","FA","23","EVE Mon 3:00PM","0","0","0","-","0%"
"*05uh9*","Bryan Gil","TOT","F","FA","24","BUR Sat 10:00AM","0","0","0","-","0%"
"*066si*","Alfie Gilchrist","CHE","D","FA","21","CRY Sun 9:00AM","0","0","0","-","0%"
"*05n09*","Mark Gillespie","NEW","G","FA","33","@AVL Sat 7:30AM","0","0","0","-","0%"
"*06441*","Martial Godo","FUL","F","FA","22","@BHA Sat 10:00AM","0","0","0","-","0%"
"*06fwo*","Enso Gonzalez","WOL","F","FA","20","MCI Sat 12:30PM","0","0","0","-","0%"
"*02lm7*","Jack Grealish","MCI","M","FA","29","@WOL Sat 12:30PM","0","0","88","124.8","88%"
"*06uzk*","Etienne Green","BUR","G","FA","25","@TOT Sat 10:00AM","0","0","0","-","0%"
"*05r4r*","Sam Greenwood","LEE","F","FA","23","EVE Mon 3:00PM","0","0","0","-","0%"
"*06mnm*","Marc Guiu","CHE","F","FA","19","CRY Sun 9:00AM","0","0","0","-","2%"
"*06phr*","Gustavo Nunes","BRF","F","FA","19","@NOT Sun 9:00AM","0","0","0","-","2%"
"*062du*","Darko Gyabi","LEE","M","FA","21","EVE Mon 3:00PM","0","0","0","-","0%"
"*063dz*","Luke Harris","FUL","M","FA","20","@BHA Sat 10:00AM","0","0","0","-","2%"
"*035mq*","Isaac Hayden","NEW","M","FA","30","@AVL Sat 7:30AM","0","0","0","-","0%"
"*03dwz*","Tom Heaton","MUN","G","FA","39","ARS Sun 11:30AM","0","0","0","-","0%"
"*0645w*","Krisztian Hegyi","WHU","G","FA","22","@SUN Sat 10:00AM","0","0","0","-","0%"
"*05oz4*","Karl Hein","ARS","G","FA","23","@MUN Sun 11:30AM","0","0","0","-","0%"
"*05x12*","Leo Fuhr Hjelde","SUN","D","FA","21","WHU Sat 10:00AM","0","0","0","-","0%"
"*06mfw*","Vaclav Hladky","BUR","G","FA","34","@TOT Sat 10:00AM","0","0","0","-","0%"
"*062z5*","Joseph Hodge","WOL","M","FA","22","MCI Sat 12:30PM","0","0","0","-","0%"
"*04yjx*","Ki-Jana Hoever","WOL","D","FA","23","MCI Sat 12:30PM","0","0","0","-","0%"
"*044nm*","Rob Holding","CRY","D","FA","29","@CHE Sun 9:00AM","0","0","0","-","0%"
"*06nv2*","Dean Huijsen","BOU","D","PMSWJ","20","@LIV Fri 3:00PM","0","0","-","-","-"
"*06mnb*","Samuel Iling-Junior","AVL","F","FA","21","NEW Sat 7:30AM","0","0","0","-","2%"
"*06kyx*","Andy Irving","WHU","M","FA","25","@SUN Sat 10:00AM","0","0","0","-","0%"
"*06nva*","Mofe Jemide","CRY","D","FA","18","@CHE Sun 9:00AM","0","0","0","-","0%"
"*06873*","Joao Felix","CHE","F","FA","25","CRY Sun 9:00AM","0","0","0","-","0%"
"*06xzm*","Zak Johnson","SUN","D","FA","20","WHU Sat 10:00AM","0","0","0","-","0%"
"*02xtd*","Sam Johnstone","WOL","G","FA","32","MCI Sat 12:30PM","0","0","0","-","0%"
"*06v0q*","Harrison Jones","SUN","M","FA","20","WHU Sat 10:00AM","0","0","0","-","0%"
"*06nv3*","Filip Jorgensen","CHE","G","FA","23","CRY Sun 9:00AM","0","0","0","-","0%"
"*062cl*","Issa Kabore","MCI","D","FA","24","@WOL Sat 12:30PM","0","0","0","-","2%"
"*06492*","Sasa Kalajdzic","WOL","F","FA","28","MCI Sat 12:30PM","0","0","0","-","0%"
"*06pez*","Mohamadou Kante","WHU","M","FA","19","@SUN Sat 10:00AM","0","0","0","-","2%"
"*06dpv*","Omari Kellyman","CHE","M","FA","19","CRY Sun 9:00AM","0","0","0","-","2%"
"*06dpw*","Ji-Soo Kim","BRF","D","FA","20","@NOT Sun 9:00AM","0","0","0","-","2%"
"*06ygl*","George King","CRY","D","FA","18","@CHE Sun 9:00AM","0","0","0","-","0%"
"*06cmt*","Tom King","WOL","G","FA","30","MCI Sat 12:30PM","0","0","0","-","0%"
"*06r6s*","Antonin Kinsky","TOT","G","FA","22","BUR Sat 10:00AM","0","0","0","-","2%"
"*06ils*","Yunus Konak","BRF","M","FA","19","@NOT Sun 9:00AM","0","0","0","-","2%"
"*06do4*","Louie Koumas","LIV","F","FA","19","BOU Fri 3:00PM","0","0","0","-","2%"
"*06nvb*","Caleb Kporha","CRY","D","FA","19","@CHE Sun 9:00AM","0","0","0","-","2%"
"*06xza*","Eli Kroupi","BOU","F","FA","19","@LIV Fri 3:00PM","0","0","2","1153.2","8%"
"*03pig*","Jamaal Lascelles","NEW","D","FA","31","@AVL Sat 7:30AM","0","0","0","-","0%"
"*04io3*","Mario Lemina","WOL","M","TMKT","31","MCI Sat 12:30PM","0","0","-","-","-"
"*06yb8*","Diego Leon","MUN","D","FA","18","ARS Sun 11:30AM","0","0","0","-","3%"
"*06mgp*","Luis Guilherme","WHU","M","FA","19","@SUN Sat 10:00AM","0","0","0","-","2%"
"*05yf0*","Isaac Mabaya","LIV","D","FA","20","BOU Fri 3:00PM","0","0","0","-","2%"
"*04tsf*","Paris Maghoma","BRF","M","FA","24","@NOT Sun 9:00AM","0","0","0","-","0%"
"*062ft*","Tyrell Malacia","MUN","D","FA","25","ARS Sun 11:30AM","0","0","0","-","0%"
"*06xzg*","Giorgi Mamardashvili","LIV","G","FA","24","BOU Fri 3:00PM","0","0","0","-","0%"
"*06c4p*","Benson Manuel","BUR","F","FA","28","@TOT Sat 10:00AM","0","0","0","-","0%"
"*04e1k*","Solly March","BHA","M","FA","30","FUL Sat 10:00AM","0","0","0","-","2%"
"*05y6a*","Filip Marschall","AVL","G","FA","22","NEW Sat 7:30AM","0","0","0","-","0%"
"*06do1*","Zach Marsh","CRY","F","FA","19","@CHE Sun 9:00AM","0","0","0","-","2%"
"*06hcm*","Callum Marshall","WHU","F","FA","20","@SUN Sat 10:00AM","0","0","0","-","2%"
"*06xzo*","Jay Matete","SUN","M","FA","24","WHU Sat 10:00AM","0","0","0","-","0%"
"*06exa*","Matheus Franca","CRY","F","FA","21","@CHE Sun 9:00AM","0","0","0","-","2%"
"*05ubh*","Remi Matthews","CRY","G","FA","31","@CHE Sun 9:00AM","0","0","0","-","0%"
"*05uhs*","James Mcatee","MCI","M","PMSWJ","22","@WOL Sat 12:30PM","0","0","0","-","8%"
"*05rbn*","Thomas McGill","BHA","G","FA","25","FUL Sat 10:00AM","0","0","0","-","0%"
"*06jgu*","Callan McKenna","BOU","G","FA","18","@LIV Fri 3:00PM","0","0","0","-","2%"
"*04ylt*","Chris Mepham","BOU","D","FA","27","@LIV Fri 3:00PM","0","0","0","-","0%"
"*06phx*","Bastien Meupiyou","WOL","D","FA","19","MCI Sat 12:30PM","0","0","0","-","2%"
"*02lv9*","James Milner","BHA","M","FA","39","FUL Sat 10:00AM","0","0","0","-","0%"
"*033l8*","Simon Moore","SUN","G","FA","35","WHU Sat 10:00AM","0","0","0","-","0%"
"*06rkq*","Kieran Morrison","LIV","M","FA","18","BOU Fri 3:00PM","0","0","0","-","2%"
"*05uhk*","Tyler Morton","LIV","M","FA","22","BOU Fri 3:00PM","0","0","0","-","2%"
"*06xzj*","David Mota Veiga Teixeira do Carmo","NOT","D","FA","26","BRF Sun 9:00AM","0","0","0","-","0%"
"*068a1*","Mykhailo Mudryk","CHE","M","FA","24","CRY Sun 9:00AM","0","0","0","-","0%"
"*06ewy*","Alex Murphy","NEW","D","FA","21","@AVL Sat 7:30AM","0","0","0","-","2%"
"*06rrr*","Hindolo Mustapha","CRY","M","FA","18","@CHE Sun 9:00AM","0","0","0","-","2%"
"*06kud*","Amara Nallo","LIV","D","FA","18","BOU Fri 3:00PM","0","0","0","-","2%"
"*04ge8*","Reiss Nelson","ARS","F","FA","25","@MUN Sun 11:30AM","0","0","80","117.2","78%"
"*06r2g*","Rio Ngumoha","LIV","F","Haha","16","BOU Fri 3:00PM","0","0","0","-","2%"
"*06v0e*","Blondy Nna Noukeu","SUN","G","FA","24","WHU Sat 10:00AM","0","0","0","-","0%"
"*06hze*","Treymaurice Nyoni","LIV","M","FA","18","BOU Fri 3:00PM","0","0","0","-","2%"
"*06ys4*","Sverre Nypan","MCI","M","FA","18","@WOL Sat 12:30PM","0","0","0","-","0%"
"*04mmx*","Michael Obafemi","BUR","F","FA","25","@TOT Sat 10:00AM","0","0","0","-","0%"
"*06roj*","Chido Obi-Martin","MUN","F","FA","17","ARS Sun 11:30AM","0","0","0","-","8%"
"*04mlb*","Lewis OBrien","NOT","M","FA","26","BRF Sun 9:00AM","0","0","0","-","0%"
"*05ue7*","Frank Onyeka","BRF","M","FA","27","@NOT Sun 9:00AM","0","0","0","-","0%"
"*066iz*","Lewis Orford","WHU","M","FA","19","@SUN Sat 10:00AM","0","0","0","-","2%"
"*062ow*","David Ozoh","CRY","M","FA","20","@CHE Sun 9:00AM","0","0","0","-","0%"
"*05os9*","Thomas Partey","ARS","M","Fiji","32","@MUN Sun 11:30AM","0","0","0","-","0%"
"*06mex*","Alex Paulsen","BOU","G","FA","23","@LIV Fri 3:00PM","0","0","0","-","0%"
"*05nuf*","Myles Peart-Harris","BRF","M","FA","22","@NOT Sun 9:00AM","0","0","0","-","0%"
"*06v04*","Armin Pecsi","LIV","G","FA","20","BOU Fri 3:00PM","0","0","0","-","0%"
"*06xzk*","Timothee Pembele","SUN","D","FA","22","WHU Sat 10:00AM","0","0","0","-","2%"
"*06uzt*","Mike Penders","CHE","G","FA","19","CRY Sun 9:00AM","0","0","0","-","2%"
"*06fuw*","Djordje Petrovic","BOU","G","FA","25","@LIV Fri 3:00PM","0","0","9","325.3","18%"
"*06exk*","Ashley Phillips","TOT","D","FA","20","BUR Sat 10:00AM","0","0","0","-","2%"
"*05n03*","Kalvin Phillips","MCI","M","FA","29","@WOL Sat 12:30PM","0","0","0","-","0%"
"*06yjz*","Tommy Pilling","LIV","M","FA","20","BOU Fri 3:00PM","0","0","0","-","0%"
"*05y5b*","Freddie Potts","WHU","M","FA","21","@SUN Sat 10:00AM","0","0","0","-","0%"
"*04ym3*","Ian Poveda-Ocampo","SUN","F","FA","25","WHU Sat 10:00AM","0","0","0","-","0%"
"*05y7i*","Jarell Quansah","LIV","D","ThatGuy","22","BOU Fri 3:00PM","0","0","0","-","0%"
"*05rjn*","Jesurun Rak-Sakyi","CRY","M","FA","22","@CHE Sun 9:00AM","0","0","0","-","0%"
"*05afj*","Largie Ramazani","LEE","F","FA","24","EVE Mon 3:00PM","0","0","2","1151.4","2%"
"*061z5*","Calvin Ramsay","LIV","D","FA","21","BOU Fri 3:00PM","0","0","0","-","0%"
"*03ybi*","Marcus Rashford","MUN","F","Fiji","27","ARS Sun 11:30AM","0","0","36","166.9","40%"
"*037mt*","Harrison Reed","FUL","M","FA","30","@BHA Sat 10:00AM","0","0","0","-","0%"
"*062op*","Omar Richards","NOT","D","FA","27","BRF Sun 9:00AM","0","0","0","-","0%"
"*062oi*","Kaden Rodney","CRY","M","FA","20","@CHE Sun 9:00AM","0","0","0","-","0%"
"*02m3v*","John Ruddy","NEW","G","FA","38","@AVL Sat 7:30AM","0","0","0","-","0%"
"*062ct*","Carl Rushworth","BHA","G","FA","24","FUL Sat 10:00AM","0","0","0","-","0%"
"*06xzq*","Nazariy Rusyn","SUN","F","FA","26","WHU Sat 10:00AM","0","0","0","-","0%"
"*05ue3*","Albert Sambi Lokonga","ARS","M","FA","25","@MUN Sun 11:30AM","0","0","0","-","0%"
"*06uzm*","Shurandy Sambo","BUR","D","FA","23","@TOT Sat 10:00AM","0","0","0","-","0%"
"*04gw7*","Jadon Sancho","MUN","M","FA","25","ARS Sun 11:30AM","0","0","0","-","2%"
"*05x9k*","Jeremy Sarmiento","BHA","M","FA","23","FUL Sat 10:00AM","0","0","0","-","2%"
"*05nip*","Dane Scarlett","TOT","F","FA","21","BUR Sat 10:00AM","0","0","0","-","0%"
"*05uds*","Kjell Scherpen","BHA","G","FA","25","FUL Sat 10:00AM","0","0","0","-","0%"
"*06uzx*","Isaac Schmidt","LEE","D","FA","25","EVE Mon 3:00PM","0","0","0","-","0%"
"*06v0f*","Jenson Seelt","SUN","D","FA","22","WHU Sat 10:00AM","0","0","0","-","0%"
"*06r9g*","Zain Silcott-Duberry","BOU","F","FA","20","@LIV Fri 3:00PM","0","0","0","-","2%"
"*06xzp*","Luis Hemir Silva Semedo","SUN","F","FA","21","WHU Sat 10:00AM","0","0","0","-","0%"
"*062cj*","Abdallah Sima","BHA","F","FA","24","FUL Sat 10:00AM","0","0","0","-","0%"
"*063c2*","Gabriel Slonina","CHE","G","FA","21","CRY Sun 9:00AM","0","0","0","-","0%"
"*06r7f*","Julio Soler","BOU","D","FA","20","@LIV Fri 3:00PM","0","0","0","-","2%"
"*06329*","Manor Solomon","TOT","F","FA","25","BUR Sat 10:00AM","0","0","25","157.3","28%"
"*06uzl*","Oliver Sonne","BUR","D","FA","24","@TOT Sat 10:00AM","0","0","0","-","0%"
"*06mmk*","Marko Stamenic","NOT","M","FA","23","BRF Sun 9:00AM","0","0","0","-","0%"
"*04rha*","Jason Steele","BHA","G","FA","34","FUL Sat 10:00AM","0","0","0","-","0%"
"*062cw*","Stefan Ortega","MCI","G","FA","32","@WOL Sat 12:30PM","0","0","0","-","0%"
"*06nl8*","Luca Stephenson","LIV","M","FA","21","BOU Fri 3:00PM","0","0","0","-","0%"
"*02lkp*","Raheem Sterling","CHE","F","KLPD","30","CRY Sun 9:00AM","0","0","12","279.1","12%"
"*06ya6*","Kota Takai","TOT","D","FA","20","BUR Sat 10:00AM","0","0","0","-","0%"
"*0372y*","Matt Targett","NEW","D","FA","29","@AVL Sat 7:30AM","0","0","0","-","0%"
"*064a1*","Boubacar Traore","WOL","M","FA","23","MCI Sat 12:30PM","0","0","0","-","0%"
"*068yr*","Hamed Traore","BOU","M","FA","25","@LIV Fri 3:00PM","0","0","0","-","0%"
"*04vy4*","Mark Travers","EVE","G","FA","26","@LEE Mon 3:00PM","0","0","0","-","0%"
"*06fy5*","Mike Tresor","BUR","F","FA","26","@TOT Sat 10:00AM","0","0","0","-","0%"
"*0643w*","Ryan Trevitt","BRF","M","FA","22","@NOT Sun 9:00AM","0","0","0","-","0%"
"*06xzl*","Nectarios Triantis","SUN","D","FA","22","WHU Sat 10:00AM","0","0","0","-","0%"
"*062ds*","Matt Turner","NOT","G","FA","31","BRF Sun 9:00AM","0","0","0","-","0%"
"*05rc7*","Harry Tyrer","EVE","G","FA","23","@LEE Mon 3:00PM","0","0","0","-","0%"
"*06eo0*","Lesley Ugochukwu","CHE","M","FA","21","CRY Sun 9:00AM","0","0","0","-","0%"
"*06kk4*","Franco Umeh-Chibueze","CRY","F","FA","20","@CHE Sun 9:00AM","0","0","0","-","2%"
"*06jfe*","Hakon Valdimarsson","BRF","G","FA","23","@NOT Sun 9:00AM","0","0","0","-","0%"
"*06r9x*","Vitor Reis","MCI","D","FA","19","@WOL Sat 12:30PM","0","0","0","-","2%"
"*06fxg*","Odysseas Vlachodimos","NEW","G","FA","31","@AVL Sat 7:30AM","0","0","0","-","0%"
"*06v0y*","Luka Vuskovic","TOT","D","FA","18","BUR Sat 10:00AM","0","0","0","-","2%"
"*06v6m*","Max Weiss","BUR","G","FA","21","@TOT Sat 10:00AM","0","0","0","-","0%"
"*06l4c*","Ethan Wheatley","MUN","F","FA","19","ARS Sun 11:30AM","0","0","0","-","2%"
"*05wqy*","Joe White","NEW","M","FA","22","@AVL Sat 7:30AM","0","0","0","-","0%"
"*062pa*","Joseph Whitworth","CRY","G","FA","21","@CHE Sun 9:00AM","0","0","0","-","0%"
"*06nbq*","Caleb Wiley","CHE","D","FA","20","CRY Sun 9:00AM","0","0","0","-","2%"
"*05oji*","Rhys Williams","LIV","D","FA","24","BOU Fri 3:00PM","0","0","0","-","0%"
"*05wwd*","Joshua Wilson-Esbrand","MCI","D","FA","22","@WOL Sat 12:30PM","0","0","0","-","0%"
"*03m5i*","Freddie Woodman","LIV","G","FA","28","BOU Fri 3:00PM","0","0","0","-","0%"
"*06msb*","Malick Yalcouye","BHA","M","FA","19","FUL Sat 10:00AM","0","0","0","-","2%"
"*06r5d*","Min-Hyeok Yang","TOT","F","FA","19","BUR Sat 10:00AM","0","0","0","-","2%"
"*06few*","Youssef Chermiti","EVE","F","FA","21","@LEE Mon 3:00PM","0","0","0","-","2%"
"*03r93*","Joseph Gomez","LIV","D","FA","28","BOU Fri 3:00PM","-2","0","0","-","2%"
"*068sd*","Jakub Kiwior","ARS","D","FA","25","@MUN Sun 11:30AM","-2","0","2","1220.4","2%"
"*0327r*","Michael Keane","EVE","D","FA","32","@LEE Mon 3:00PM","-2.5","0","0","-","0%"
"*06uzu*","Mamadou Sarr","CHE","D","FA","19","CRY Sun 9:00AM","-2.5","0","0","-","2%"
"*04mup*","Trevoh Chalobah","CHE","D","FA","26","CRY Sun 9:00AM","-4.25","0","10","313.5","18%"
"*06r9w*","Abdukodir Khusanov","MCI","D","ThatGuy","21","@WOL Sat 12:30PM","-4.25","0","2","1171.4","8%"
"*056ir*","Adam Webster","BHA","D","FA","30","FUL Sat 10:00AM","-4.5","0","0","-","0%"
"*043c1*","Oleksandr Zinchenko","ARS","D","FA","28","@MUN Sun 11:30AM","-4.5","0","0","-","2%"
"*06pig*","Morato","NOT","D","FA","24","BRF Sun 9:00AM","-4.75","0","0","-","0%"
"*02lpl*","Seamus Coleman","EVE","D","FA","36","@LEE Mon 3:00PM","-5.5","0","0","-","0%"
"*064op*","Tyler Fredricson","MUN","D","FA","20","ARS Sun 11:30AM","-5.75","0","0","-","2%"
"*062og*","Aaron Hickey","BRF","D","FA","23","@NOT Sun 9:00AM","-5.75","0","0","-","0%"
"*06yey*","Borna Sosa","CRY","D","FA","27","@CHE Sun 9:00AM","-5.75","0","22","187.8","15%"
"*02oo1*","Ben Davies","TOT","D","FA","32","BUR Sat 10:00AM","-6.25","0","0","-","0%"
"*06ime*","Radu Dragusin","TOT","D","FA","23","BUR Sat 10:00AM","-6.25","0","0","-","0%"
"*02y6o*","Nathan Ake","MCI","D","FA","30","@WOL Sat 12:30PM","-6.5","0","0","-","0%"
"*06kqy*","Ayden Heaven","MUN","D","FA","18","ARS Sun 11:30AM","-6.75","0","0","-","2%"
"*05746*","Emil Krafth","NEW","D","FA","30","@AVL Sat 7:30AM","-6.75","0","0","-","0%"
"*06kwp*","Josh Acheampong","CHE","D","FA","19","CRY Sun 9:00AM","-7","0","0","-","2%"
"*06l2r*","Harry Amass","MUN","D","FA","18","ARS Sun 11:30AM","-7.25","0","0","-","2%"
"*02t1k*","Nathaniel Clyne","CRY","D","FA","34","@CHE Sun 9:00AM","-8.25","0","0","-","0%"
"*06mnn*","Chadi Riad","CRY","D","FA","22","@CHE Sun 9:00AM","-8.5","0","0","-","0%"
"*05tr5*","Mads Roerslev","BRF","D","FA","26","@NOT Sun 9:00AM","-9","0","0","-","0%"
"*04qos*","Issa Diop","FUL","D","FA","28","@BHA Sat 10:00AM","-9.75","0","0","-","0%"
"*06eka*","Igor Julio","BHA","D","FA","27","FUL Sat 10:00AM","-10","0","0","-","0%"
"*02yl5*","John Stones","MCI","D","FA","31","@WOL Sat 12:30PM","-10.25","0","2","1238.4","2%"
"*02lp5*","Adam Smith","BOU","D","FA","34","@LIV Fri 3:00PM","-11","0","0","-","0%"
"*06ygm*","Jair Paula da Cunha Filho","NOT","D","FA","20","BRF Sun 9:00AM","-11.25","0","0","-","0%"
"*05r4h*","Lamare Bogarde","AVL","D","FA","21","NEW Sat 7:30AM","-11.75","0","0","-","0%"
"*06nyw*","Jorge Cuenca","FUL","D","FA","25","@BHA Sat 10:00AM","-11.75","0","0","-","0%"
"*05nns*","Danny Ballard","SUN","D","FA","25","WHU Sat 10:00AM","-12.25","0","8","345.5","5%"
"*06r9v*","Andres Garcia","AVL","D","FA","22","NEW Sat 7:30AM","-12.75","0","0","-","2%"
"*06y28*","Sebastiaan Bornauw","LEE","D","FA","26","EVE Mon 3:00PM","-13.5","0","0","-","3%"
"*061xw*","Joe Worrall","BUR","D","FA","28","@TOT Sat 10:00AM","-15.5","0","0","-","0%"
"*057cr*","Kevin Danso","TOT","D","FA","26","BUR Sat 10:00AM","-16.75","0","2","1210.4","2%"
"*05r2t*","Niall Huggins","SUN","D","FA","24","WHU Sat 10:00AM","-22","0","0","-","0%"
"*05ogg*","Ajibola Alese","SUN","D","FA","24","WHU Sat 10:00AM","-24.5","0","0","-","0%"
"*06yb9*","Reinildo Isnard Mandava","SUN","D","FA","31","WHU Sat 10:00AM","-30.25","0","2","1183","3%"
"*06r7k*","Emmanuel Agbadou","WOL","D","FA","28","MCI Sat 12:30PM","-32.5","0","2","1108.4","5%"
